{"cameraMode":{"drawMode":0,"name":"Shaded","section":"Shading Mode"},"sceneLighting":true,"audioPlay":false,"sceneViewState":{"m_AlwaysRefresh":false,"showFog":true,"showSkybox":true,"showFlares":true,"showImageEffects":true,"showParticleSystems":true,"showVisualEffectGraphs":true,"m_FxEnabled":true},"in2DMode":false,"pivot":{"x":3.474240303039551,"y":1.9764928817749024,"z":-0.4756765365600586},"rotation":{"x":0.720759391784668,"y":-0.0020784868393093349,"z":0.002162823686376214,"w":0.693185031414032},"size":8.179770469665528,"orthographic":true}