{"cameraMode":{"drawMode":0,"name":"Shaded","section":"Shading Mode"},"sceneLighting":true,"audioPlay":false,"sceneViewState":{"m_AlwaysRefresh":false,"showFog":true,"showSkybox":true,"showFlares":true,"showImageEffects":true,"showParticleSystems":true,"showVisualEffectGraphs":true,"m_FxEnabled":true},"in2DMode":false,"pivot":{"x":-1.31913423538208,"y":0.9003257751464844,"z":-0.5995733737945557},"rotation":{"x":0.7355549335479736,"y":-0.0036581011954694988,"z":0.003970003686845303,"w":0.6774457097053528},"size":2.8631556034088136,"orthographic":true}